period,total_predicted_area_ha
2019-2023,32478.079999999998
2020-2024,14337.570000000002
2022-2023,210734.6
2022-2024,28034.0
2022-2025,0.0
